setup,brier_score,mean_abs_calibration_error,n_samples
LightGBM (Stage 1),0.0145619184985059,0.18234618860286284,835
Combined (All),0.015774324423634238,0.2101240037604371,835
Borderline Routed,0.015748384665780376,0.2103053474754506,835
