month,setup,n_samples,n_fraud,fraud_rate,avg_score,roc_auc,fraud_captured,capture_rate
2024-11,LightGBM (Stage 1),411,49,0.1192214111922141,0.11141025464372199,0.9934039914308265,43,0.8775510204081632
2024-11,Borderline Routed,411,49,0.1192214111922141,0.10800284779698185,0.9888375239598601,43,0.8775510204081632
2024-12,LightGBM (Stage 1),424,51,0.12028301886792453,0.11433265742635748,0.9963728118593281,46,0.9019607843137255
2024-12,Borderline Routed,424,51,0.12028301886792453,0.11277211175851927,0.9955842926983126,46,0.9019607843137255
